,ner_id,link,name,orcid,email,affiliation
0,2,https://dl.acm.org/profile/99661145670,Ruichen Zheng,,,"230026 China, Anhui, Baohe District, Changqing Subdistrict, Shuiyangjiang Road, University of Science and Technology of China (South Campus)"
1,3,https://dl.acm.org/profile/99659260335,Yang Ai,,,"Hefei, Anhui Sheng, China;230026 China, Anhui, Baohe District, Changqing Subdistrict, Shuiyangjiang Road, University of Science and Technology of China (South Campus)"
2,4,https://dl.acm.org/profile/81388598990,Zhenhua Ling,,,"Hefei, Anhui Sheng, China;230026 China, Anhui, Baohe District, Changqing Subdistrict, Shuiyangjiang Road, University of Science and Technology of China (South Campus)"
3,6,https://dl.acm.org/profile/99661147476,Xinfa Zhu,,,"710072 China, Shaanxi, Beilin District, Zhangjiacun, West Youyi Road 127号, Northwestern Polytechnical University (Youyi Campus)"
4,7,https://dl.acm.org/profile/99659270571,Yi Lei,,,"710072 China, Shaanxi, Beilin District, Zhangjiacun, West Youyi Road 127号, Northwestern Polytechnical University (Youyi Campus)"
5,8,https://dl.acm.org/profile/99660768740,Tao Li,,,"710072 China, Shaanxi, Beilin District, Zhangjiacun, West Youyi Road 127号, Northwestern Polytechnical University (Youyi Campus)"
6,9,https://dl.acm.org/profile/99661149139,Yongmao Zhang,,,"710072 China, Shaanxi, Beilin District, Zhangjiacun, West Youyi Road 127号, Northwestern Polytechnical University (Youyi Campus)"
7,10,https://dl.acm.org/profile/99661148749,Hongbin Zhou,,,
8,11,https://dl.acm.org/profile/99661042163,Heng Lu,,,
9,12,https://dl.acm.org/profile/81384608466,Lei Xie,,,"710072 China, Shaanxi, Beilin District, Zhangjiacun, West Youyi Road 127号, Northwestern Polytechnical University (Youyi Campus)"
10,14,https://dl.acm.org/profile/99661148706,Qijie Shao,,,"710072 China, Shaanxi, Beilin District, Zhangjiacun, West Youyi Road 127号, Northwestern Polytechnical University (Youyi Campus)"
11,15,https://dl.acm.org/profile/99659479808,Pengcheng Guo,,,"710072 China, Shaanxi, Beilin District, Zhangjiacun, West Youyi Road 127号, Northwestern Polytechnical University (Youyi Campus)"
12,16,https://dl.acm.org/profile/99661147054,Jinghao Yan,,,"Shenzhen, China"
13,17,https://dl.acm.org/profile/99661146992,Pengfei Hu,,,"Shenzhen, China"
14,19,https://dl.acm.org/profile/99661148628,Chang Liu,,,"230026 China, Anhui, Baohe District, Changqing Subdistrict, Shuiyangjiang Road, University of Science and Technology of China (South Campus)"
15,20,https://dl.acm.org/profile/99661145006,Linghui Chen,,,"Hefei, Anhui Sheng, China"
16,22,https://dl.acm.org/profile/99661151782,Jiahong Li,,,"200030 China, Shanghai, Xuhui District, Xujiahui, Huashan Road 1954, Shanghai Jiao Tong University (Xuhui Campus)"
17,23,https://dl.acm.org/profile/99660768860,Chenda Li,,,"200030 China, Shanghai, Xuhui District, Xujiahui, Huashan Road 1954, Shanghai Jiao Tong University (Xuhui Campus)"
18,24,https://dl.acm.org/profile/99661151206,Yifei Wu,,,"200030 China, Shanghai, Xuhui District, Xujiahui, Huashan Road 1954, Shanghai Jiao Tong University (Xuhui Campus)"
19,25,https://dl.acm.org/profile/99659027771,Yanmin Qian,,,"Shenzhen, China;200030 China, Shanghai, Xuhui District, Xujiahui, Huashan Road 1954, Shanghai Jiao Tong University (Xuhui Campus)"
20,27,https://dl.acm.org/profile/99660762360,Guinan Li,,,"China, Hong Kong, Sha Tin District, Ma Liu Shui, Station Road, Chinese University of Hong Kong"
21,28,https://dl.acm.org/profile/99660762519,Jiajun Deng,,,"China, Hong Kong, Sha Tin District, Ma Liu Shui, Station Road, Chinese University of Hong Kong"
22,29,https://dl.acm.org/profile/99659735545,Mengzhe Geng,,,"China, Hong Kong, Sha Tin District, Ma Liu Shui, Station Road, Chinese University of Hong Kong"
23,30,https://dl.acm.org/profile/99660765187,Zengrui Jin,,,"China, Hong Kong, Sha Tin District, Ma Liu Shui, Station Road, Chinese University of Hong Kong"
24,31,https://dl.acm.org/profile/99660759995,Tianzi Wang,,,"China, Hong Kong, Sha Tin District, Ma Liu Shui, Station Road, Chinese University of Hong Kong"
25,32,https://dl.acm.org/profile/99660760318,Shujie Hu,,,"China, Hong Kong, Sha Tin District, Ma Liu Shui, Station Road, Chinese University of Hong Kong"
26,33,https://dl.acm.org/profile/99660096081,Mingyu Cui,,,"China, Hong Kong, Sha Tin District, Ma Liu Shui, Station Road, Chinese University of Hong Kong"
27,34,https://dl.acm.org/profile/81100222801,Helen Meng,,,"Cambridge, Massachusetts, United States of America;Massachusetts Institute of Technology, Massachusetts Avenue, Cambridge, MA 02115, United States of America;Colorado State University, City Park Avenue, Fort Collins, CO 80521, United States of America;Shenzhen, China;100084 China, Beijing, Haidian District, Wudaokou, Shuangqing Road 30, Tsinghua University;China, Hong Kong, Sha Tin District, Ma Liu Shui, Station Road, Chinese University of Hong Kong"
28,35,https://dl.acm.org/profile/81502728330,Xunying Liu,,,"Department of Engineering (University of Cambridge), Trumpington Street, Cambridge, CB2 1PZ, United Kingdom;15 J J Thomson Avenue, Cambridge, CB3 0FD, United Kingdom;China, Hong Kong, Sha Tin District, Ma Liu Shui, Station Road, Chinese University of Hong Kong"
29,37,https://dl.acm.org/profile/99661072150,Takaaki Saeki,,,"Tokyo University of the Arts, 千住ほんちょう商店街, Senju, Adachi, 120-0034, Japan"
30,38,https://dl.acm.org/profile/99660450556,Soumi Maiti,,,"Columbia University, West 120th Street, New York, NY 10027, United States of America;Carnegie Mellon University, Frew Street, Pittsburgh, PA 15213, United States of America"
31,39,https://dl.acm.org/profile/99659735072,Xinjian Li,,,"Carnegie Mellon University, Frew Street, Pittsburgh, PA 15213, United States of America"
32,40,https://dl.acm.org/profile/81320496378,Shinji Watanabe,,,"Kyoto, Kyōto, Japan;Mitsubishi Electric Research Laboratories, 201 Broadway, Cambridge, MA 02139, United States of America;Johns Hopkins University - Homewood Campus, 3400 North Charles Street, Baltimore, MD 21218, United States of America;Carnegie Mellon University, Frew Street, Pittsburgh, PA 15213, United States of America"
33,41,https://dl.acm.org/profile/99659068511,Shinnosuke Takamichi,,,"Tokyo, Tōkyō, Japan;Nara Institute of Science and Technology, 生駒市道7号線, Kitayamato 4-chome, Ikoma, Nara Prefecture 630-0121, Japan;Tokyo University of the Arts, 千住ほんちょう商店街, Senju, Adachi, 120-0034, Japan"
34,42,https://dl.acm.org/profile/81320494315,Hiroshi Saruwatari,,,"Nagoya-shi, Aichi, Japan;Nara Institute of Science and Technology, 生駒市道7号線, Kitayamato 4-chome, Ikoma, Nara Prefecture 630-0121, Japan;Tokyo University of the Arts, 千住ほんちょう商店街, Senju, Adachi, 120-0034, Japan"
35,44,https://dl.acm.org/profile/99661125144,Triantafyllos Kefalas,,,"Imperial College London, Exhibition Road, London, SW7 2AZ, United Kingdom"
36,45,https://dl.acm.org/profile/81460655034,Yannis Panagakis,,,"Aristotle University of Thessaloniki, Στρατού, Thessaloniki, Greece;Middlesex University, Greyhound Hill, London, NW4 4JP, United Kingdom;Imperial College London, Exhibition Road, London, SW7 2AZ, United Kingdom;Athens, Nomarchía Athínas, Greece"
37,48,https://dl.acm.org/profile/99661147035,Seung bin Kim,,,"South Korea, Seoul, Anam-dong, Anam-ro 145, Korea University Seoul Campus, 02841"
38,49,https://dl.acm.org/profile/99660768377,Sang hoon Lee,,,"South Korea, Seoul, Anam-dong, Anam-ro 145, Korea University Seoul Campus, 02841"
39,50,https://dl.acm.org/profile/99661146920,Ha yeong Choi,,,"South Korea, Seoul, Anam-dong, Anam-ro 145, Korea University Seoul Campus, 02841"
40,51,https://dl.acm.org/profile/81409594301,Seong whan Lee,,,"South Korea, Seoul, Anam-dong, Anam-ro 145, Korea University Seoul Campus, 02841"
41,53,https://dl.acm.org/profile/99659021794,Georgios Paraskevopoulos,,,"Athens, Nomarchía Athínas, Greece;Athens, Nomarchía Athínas, Greece"
42,54,https://dl.acm.org/profile/99661146260,Theodoros Kouzelis,,,
43,55,https://dl.acm.org/profile/99661147750,Georgios Rouvalis,,,
44,56,https://dl.acm.org/profile/81440616283,Athanasios Katsamanis,,,"University of Southern California, Royal Street, Los Angeles, CA 90089, United States of America;Athens, Nomarchía Athínas, Greece;Athena - Research and Innovation Center in Information, Communication and Knowledge Technologies - Athens, Attica, Greece;Athens, Nomarchía Athínas, Greece"
45,57,https://dl.acm.org/profile/81442592520,Vassilis Katsouros,,,"Athens, Nomarchía Athínas, Greece;Athena - Research and Innovation Center in Information, Communication and Knowledge Technologies - Athens, Attica, Greece"
46,58,https://dl.acm.org/profile/81100118805,Alexandros Potamianos,,,"Harvard University, Mason Street, Cambridge, MA 02163, United States of America;Espoo, Helsinki, Finland;Chania, Greece;Athens, Nomarchía Athínas, Greece;Athena - Research and Innovation Center in Information, Communication and Knowledge Technologies - Athens, Attica, Greece;Athens, Nomarchía Athínas, Greece"
47,60,https://dl.acm.org/profile/99660533380,Rui Liu,,,"Singapore;Hohhot, Inner Mongolia, China"
48,61,https://dl.acm.org/profile/99661146663,Yifan Hu,,,"Hohhot, Inner Mongolia, China"
49,62,https://dl.acm.org/profile/99661147794,Haolin Zuo,,,"Hohhot, Inner Mongolia, China"
50,63,https://dl.acm.org/profile/99659196082,Zhaojie Luo,,,"Suita, Ōsaka, Japan"
51,64,https://dl.acm.org/profile/99658670197,Longbiao Wang,,,"300084 China, Tianjin, Nankai District, Nankai, Xuefu, 湖波道, Tianjin University"
52,65,https://dl.acm.org/profile/81472644828,Guanglai Gao,,,"Hohhot, Inner Mongolia, China"
53,67,https://dl.acm.org/profile/99659927721,Desh Raj,,,"Johns Hopkins University - Homewood Campus, 3400 North Charles Street, Baltimore, MD 21218, United States of America"
54,68,https://dl.acm.org/profile/81324493037,Daniel Povey,,,"Thomas St, New York, NY, United States of America;Redmond, Washington, United States of America;Whiting School of Engineering, Tyler Terrace, Baltimore, MD 21211, United States of America;Johns Hopkins University - Homewood Campus, 3400 North Charles Street, Baltimore, MD 21218, United States of America;Beijing, Beijing Shi, China"
55,69,https://dl.acm.org/profile/81100418948,Sanjeev P Khudanpur,,,"Whiting School of Engineering, Tyler Terrace, Baltimore, MD 21211, United States of America;Johns Hopkins University - Homewood Campus, 3400 North Charles Street, Baltimore, MD 21218, United States of America"
56,71,https://dl.acm.org/profile/99660996574,Yuchen Hu,,,"Nanyang Technological University Alumni House, 6 Raffles Boulevard, Singapore 039594, Singapore;Singapore"
57,72,https://dl.acm.org/profile/99661072391,Chen Chen,,,"Nanyang Technological University Alumni House, 6 Raffles Boulevard, Singapore 039594, Singapore;Singapore"
58,73,https://dl.acm.org/profile/99661072112,Qiushi Zhu,,,"230026 China, Anhui, Baohe District, Changqing Subdistrict, Shuiyangjiang Road, University of Science and Technology of China (South Campus)"
59,74,https://dl.acm.org/profile/81322491282,Eng Siong Chng,,,"Singapore;Singapore;Nanyang Technological University Alumni House, 6 Raffles Boulevard, Singapore 039594, Singapore;Singapore"
60,76,https://dl.acm.org/profile/99661148746,Chenxu Hu,,,"100084 China, Beijing, Haidian District, Wudaokou, Shuangqing Road 30, Tsinghua University"
61,77,https://dl.acm.org/profile/99661148404,Jian Cong,,,"Beijing, Beijing Shi, China"
62,78,https://dl.acm.org/profile/99660945886,Jingbei Li,,,"100084 China, Beijing, Haidian District, Wudaokou, Shuangqing Road 30, Tsinghua University"
63,79,https://dl.acm.org/profile/99660941756,Qiao Tian,,,"Beijing, Beijing Shi, China"
64,80,https://dl.acm.org/profile/99660945974,Yuping Wang,,,"Beijing, Beijing Shi, China"
65,82,https://dl.acm.org/profile/99661153499,Saurabh Kataria,,,"Johns Hopkins University - Homewood Campus, 3400 North Charles Street, Baltimore, MD 21218, United States of America"
66,83,https://dl.acm.org/profile/81481643982,Jes s A Villalba,,,"Zaragoza, Aragon, Spain;Johns Hopkins University - Homewood Campus, 3400 North Charles Street, Baltimore, MD 21218, United States of America"
67,84,https://dl.acm.org/profile/99660353833,Laureano Moro Vel zquez,,,"Madrid, Spain;Johns Hopkins University - Homewood Campus, 3400 North Charles Street, Baltimore, MD 21218, United States of America"
68,85,https://dl.acm.org/profile/99659065306,Piotr Elasko,,,"AGH University of Science and Technology, Władysława Reymonta, 30-059 Krakow, Poland;Johns Hopkins University - Homewood Campus, 3400 North Charles Street, Baltimore, MD 21218, United States of America"
69,86,https://dl.acm.org/profile/81440595770,Najim Dehak,,,"Cambridge, Massachusetts, United States of America;Massachusetts Institute of Technology, Massachusetts Avenue, Cambridge, MA 02115, United States of America;MIT Lincoln Laboratory, 244 Wood Street, Lexington, MA 02420, United States of America;Johns Hopkins University - Homewood Campus, 3400 North Charles Street, Baltimore, MD 21218, United States of America"
70,88,https://dl.acm.org/profile/99660020261,Han Zhu,,,"100190 China, Beijing, Haidian District, Zhongguancun, 科院北一街, Institute of Acoustics, Chinese Academy of Sciences"
71,89,https://dl.acm.org/profile/99661147992,Dongji Gao,,,"Johns Hopkins University - Homewood Campus, 3400 North Charles Street, Baltimore, MD 21218, United States of America"
72,90,https://dl.acm.org/profile/99660021492,Gaofeng Cheng,,,"100190 China, Beijing, Haidian District, Zhongguancun, 科院北一街, Institute of Acoustics, Chinese Academy of Sciences"
73,91,https://dl.acm.org/profile/99659477931,Pengyuan Zhang,,,"100101 China, Beijing, Chaoyang District, 林萃东路, University of Chinese Academy of Sciences (Olympic Village Campus);100190 China, Beijing, Haidian District, Zhongguancun, 科院北一街, Institute of Acoustics, Chinese Academy of Sciences;100824 China, Beijing, Yuetan, Sanlihe Road 52, Chinese Academy of Sciences"
74,92,https://dl.acm.org/profile/81332536694,Yonghong Yan,,,"Oregon Health & Science University, Southwest 3rd Avenue, Portland, OR 97258, United States of America;University of Houston, 4800 Calhoun Road, Houston, TX 77004, United States of America;100101 China, Beijing, Chaoyang District, 林萃东路, University of Chinese Academy of Sciences (Olympic Village Campus);100824 China, Beijing, Yuetan, Sanlihe Road 52, Chinese Academy of Sciences;100190 China, Beijing, Haidian District, Zhongguancun, 科院北一街, Institute of Acoustics, Chinese Academy of Sciences"
75,94,https://dl.acm.org/profile/99661146102,Mathias Bach Pedersen,,,"Aalborg University, Halldor Laxness Vej, 9220 Aalborg Øst, Denmark"
76,95,https://dl.acm.org/profile/81100640063,S ren Holdt Jensen,,,"Aalborg University, Halldor Laxness Vej, 9220 Aalborg Øst, Denmark"
77,96,https://dl.acm.org/profile/81323496879,Zhenghua Tan,,,"Aalborg University, Halldor Laxness Vej, 9220 Aalborg Øst, Denmark"
78,97,https://dl.acm.org/profile/81502766961,Jesper Rindom Jensen,,,"Smorum, Egedal Kommune, Denmark;Aalborg University, Halldor Laxness Vej, 9220 Aalborg Øst, Denmark"
79,99,https://dl.acm.org/profile/99661146500,Julius Richter,,,"Universität Hamburg Präsidialverwaltung, Mittelweg 177, 20148 Hamburg, Germany"
80,100,https://dl.acm.org/profile/99661147925,Simon Welker,,,"Universität Hamburg Präsidialverwaltung, Mittelweg 177, 20148 Hamburg, Germany"
81,101,https://dl.acm.org/profile/99661148452,Jean Marie Lemercier,,,"Universität Hamburg Präsidialverwaltung, Mittelweg 177, 20148 Hamburg, Germany"
82,102,https://dl.acm.org/profile/99661146796,Bunlong Lay,,,"Universität Hamburg Präsidialverwaltung, Mittelweg 177, 20148 Hamburg, Germany"
83,103,https://dl.acm.org/profile/99659261293,Timo Gerkmann,https://orcid.org/0000-0002-8678-4699,timo.gerkmann@uni-hamburg.de,"Bochum, North Rhine-Westphalia, Germany;KTH - Royal Institute of Technology (Södertälje), Kvarnbergagatan 12, 151 36 Södertälje, Sweden;Carl von Ossietzky University of Oldenburg, Uhlhornsweg 99, 26129 Oldenburg, Germany;Universität Hamburg Präsidialverwaltung, Mittelweg 177, 20148 Hamburg, Germany"
84,105,https://dl.acm.org/profile/99660638309,Ziqiang Zhang,,,"230026 China, Anhui, Baohe District, Changqing Subdistrict, Shuiyangjiang Road, University of Science and Technology of China (South Campus)"
85,106,https://dl.acm.org/profile/99661017102,Sanyuan Chen,,,"150000 China, Heilongjiang, Harbin, Wenhua, 文道街, Harbin Institute of Technology"
86,107,https://dl.acm.org/profile/99661228961,Long Zhou,,,"Beijing, Beijing Shi, China"
87,108,https://dl.acm.org/profile/99661229972,Yu Wu,,,"Beijing, Beijing Shi, China"
88,109,https://dl.acm.org/profile/99661231788,Shuo Ren,,,"Beijing, Beijing Shi, China"
89,110,https://dl.acm.org/profile/99661022071,Shujie Liu,,,"Beijing, Beijing Shi, China"
90,111,https://dl.acm.org/profile/99661227545,Zhuoyuan Yao,,,"Beijing, Beijing Shi, China"
91,112,https://dl.acm.org/profile/99661230193,Xun Gong,,,"Beijing, Beijing Shi, China"
92,113,https://dl.acm.org/profile/99661226143,Lirong Dai,,,"230026 China, Anhui, Baohe District, Changqing Subdistrict, Shuiyangjiang Road, University of Science and Technology of China (South Campus)"
93,114,https://dl.acm.org/profile/81493656542,Jinyu Li,,,"Atlanta, Georgia, United States of America;Redmond, Washington, United States of America"
94,115,https://dl.acm.org/profile/99661018444,Furu Wei,,,"Beijing, Beijing Shi, China"
95,117,https://dl.acm.org/profile/99660838555,Adrian Herzog,,,"Erlangen, Bavaria, Germany"
96,118,https://dl.acm.org/profile/99659373686,Srikanth Raj Chetupalli,,,"Indian Institute of Science, CV Raman Road, Yeswanthpur, Bengaluru - 560012, Karnataka, India;Erlangen, Bavaria, Germany"
97,119,https://dl.acm.org/profile/81502717153,Emanu l A P Habets,,,"Bar Ilan University/Keren HaYesod, Max and Anna Webb, 5530002 Ramat Gan, Israel;Technion – Israel Institute of Technology, Mallal, 3271319 Haifa, Israel;Imperial College London, Exhibition Road, London, SW7 2AZ, United Kingdom;Erlangen, Bavaria, Germany;Erlangen, Bavaria, Germany;Erlangen, Bavaria, Germany"
98,121,https://dl.acm.org/profile/99659658153,Jindong Wang,,,"100824 China, Beijing, Yuetan, Sanlihe Road 52, Chinese Academy of Sciences;Beijing, Beijing Shi, China;100101 China, Beijing, Chaoyang District, 林萃东路, University of Chinese Academy of Sciences (Olympic Village Campus);Redmond, Washington, United States of America;Beijing, Beijing Shi, China"
99,122,https://dl.acm.org/profile/99660021002,Wenxin Hou,,,"Tokyo Institute of Technology - Ookayama Campus, 中根小通り, Midorigaoka 1-chome, Meguro, 152-0034, Japan;Redmond, Washington, United States of America"
100,124,https://dl.acm.org/profile/99661047267,Yingming Gao,,,"100088 China, Beijing, Haidian District, Bei Taipingzhuang, Xitucheng Road, Beijing University of Posts and Telecommunications"
101,125,https://dl.acm.org/profile/81418599994,Peter Birkholz,,,"Rostock, Mecklenburg-Western Pomerania, Germany;Uniklinik RWTH Aachen, Pauwelsstraße 30, 52074 Aachen, Germany;RWTH Aachen University, Krefelder Straße, 52070 Aachen, Germany;Dresden, Saxony, Germany"
102,126,https://dl.acm.org/profile/99660500867,Ya Li,,,"100088 China, Beijing, Haidian District, Bei Taipingzhuang, Xitucheng Road, Beijing University of Posts and Telecommunications"
103,130,https://ieeexplore.ieee.org/author/37089469481,Hang Chen,https://orcid.org/0000-0002-0904-8946,,"230026 China, Anhui, Baohe District, Changqing Subdistrict, Shuiyangjiang Road, University of Science and Technology of China (South Campus)"
104,131,https://ieeexplore.ieee.org/author/37089778067,Qing Wang,https://orcid.org/0000-0003-3843-3920,,"230026 China, Anhui, Baohe District, Changqing Subdistrict, Shuiyangjiang Road, University of Science and Technology of China (South Campus)"
105,132,https://ieeexplore.ieee.org/author/37649186400,Jun Du,https://orcid.org/0000-0002-2387-0389,,"230026 China, Anhui, Baohe District, Changqing Subdistrict, Shuiyangjiang Road, University of Science and Technology of China (South Campus)"
106,133,https://ieeexplore.ieee.org/author/37268507700,Baocai Yin,https://orcid.org/0000-0002-4164-6647,," Beijing Key Laboratory of Multimedia and Intelligent Software Technology  Beijing University of Technology, Beijing, China"
107,134,https://ieeexplore.ieee.org/author/38546958600,Jia Pan,https://orcid.org/0000-0002-7073-1744,,"Hefei, Anhui Sheng, China"
108,135,https://ieeexplore.ieee.org/author/37280405600,Chin Hui Lee,https://orcid.org/0000-0002-1892-2551,,"Georgia Tech, Snyder Street Northwest, Atlanta, GA 30332, United States of America"
109,137,https://ieeexplore.ieee.org/author/37090051175,Rui Chen Zheng,https://orcid.org/0009-0000-8074-9553,,"230026 China, Anhui, Baohe District, Changqing Subdistrict, Shuiyangjiang Road, University of Science and Technology of China (South Campus)"
110,138,https://ieeexplore.ieee.org/author/37086348873,Yang Ai,https://orcid.org/0000-0001-6668-022X,,"230026 China, Anhui, Baohe District, Changqing Subdistrict, Shuiyangjiang Road, University of Science and Technology of China (South Campus)"
111,139,https://ieeexplore.ieee.org/author/37417702500,Zhen Hua Ling,https://orcid.org/0000-0001-7853-5273,,"230026 China, Anhui, Baohe District, Changqing Subdistrict, Shuiyangjiang Road, University of Science and Technology of China (South Campus)"
112,141,https://ieeexplore.ieee.org/author/37089529237,Xinfa Zhu,https://orcid.org/0000-0001-9275-523X,," Speech and Language Processing Group (ASLP@NPU)  School of Computer Science, Northwestern Polytechnical University, Xian, China"
113,142,https://ieeexplore.ieee.org/author/37088814417,Yi Lei,https://orcid.org/0000-0002-9256-9311,," Speech and Language Processing Group (ASLP@NPU) School of Computer Science  Northwestern Polytechnical University, Xi’an, China"
114,143,https://ieeexplore.ieee.org/author/37088801358,Tao Li,https://orcid.org/0000-0001-5578-3960,," Speech and Language Processing Group (ASLP@NPU)  School of Computer Science, Northwestern Polytechnical University, Xi'an, China"
115,144,https://ieeexplore.ieee.org/author/37089469106,Yongmao Zhang,https://orcid.org/0009-0000-0526-5778,," Speech and Language Processing Group (ASLP@NPU)  School of Computer Science, Northwestern Polytechnical University, Xi'an, China"
116,145,https://ieeexplore.ieee.org/author/37089469471,Hongbin Zhou,https://orcid.org/0009-0005-7569-1197,,"Yinchuan, Ningxia Huizu Zizhiqu, China"
117,146,https://ieeexplore.ieee.org/author/37089470244,Heng Lu,https://orcid.org/0009-0009-9236-8825,,"Shanghai, Shanghai Shi, China"
118,147,https://ieeexplore.ieee.org/author/37288943400,Lei Xie,https://orcid.org/0000-0003-1442-6785,," Speech and Language Processing Group  School of Computer Science, Northwestern Polytechnical University, Xi'an, China"
119,149,https://ieeexplore.ieee.org/author/37089570809,Haohe Liu,https://orcid.org/0000-0003-1036-7888,,"Guildford District, Guildford, Surrey, England, United Kingdom"
120,150,https://ieeexplore.ieee.org/author/37090064213,Yi Yuan,https://orcid.org/0000-0002-6887-0956,,"Guildford District, Guildford, Surrey, England, United Kingdom"
121,151,https://ieeexplore.ieee.org/author/37089031763,Xubo Liu,https://orcid.org/0009-0004-9950-2672,,"Guildford District, Guildford, Surrey, England, United Kingdom"
122,152,https://ieeexplore.ieee.org/author/37089469112,Xinhao Mei,https://orcid.org/0000-0001-6079-5130,,"Guildford District, Guildford, Surrey, England, United Kingdom"
123,153,https://ieeexplore.ieee.org/author/37086034564,Qiuqiang Kong,https://orcid.org/0000-0003-2864-0475,,"China, Hong Kong, Sha Tin District, Ma Liu Shui, Residence Road, The Chinese University of Hong Kong"
124,154,https://ieeexplore.ieee.org/author/37089469040,Qiao Tian,https://orcid.org/0000-0002-4078-1273,,"Shanghai, Shanghai Shi, China"
125,155,https://ieeexplore.ieee.org/author/37089470229,Yuping Wang,,,"Shanghai, Shanghai Shi, China"
126,156,https://ieeexplore.ieee.org/author/37280468500,Wenwu Wang,https://orcid.org/0000-0002-8393-5703,,"Guildford District, Guildford, Surrey, England, United Kingdom"
127,157,https://ieeexplore.ieee.org/author/38517620800,Yuxuan Wang,,,"Beijing, Beijing Shi, China"
128,158,https://ieeexplore.ieee.org/author/37299593000,Mark D. Plumbley,https://orcid.org/0000-0002-9708-1075,,"Guildford District, Guildford, Surrey, England, United Kingdom"
129,160,https://ieeexplore.ieee.org/author/37089471150,Georgios Paraskevopoulos,https://orcid.org/0000-0003-4067-6294,,Greece
130,161,https://ieeexplore.ieee.org/author/37090080662,Theodoros Kouzelis,https://orcid.org/0000-0002-1938-9250,,Greece
131,162,https://ieeexplore.ieee.org/author/37090080719,Georgios Rouvalis,https://orcid.org/0000-0002-4800-1729,,"Marousi, Nomarchía Athínas, Greece"
132,163,https://ieeexplore.ieee.org/author/37395437200,Athanasios Katsamanis,https://orcid.org/0000-0002-2642-2354,,"Marousi, Nomarchía Athínas, Greece"
133,164,https://ieeexplore.ieee.org/author/37394503200,Vassilis Katsouros,https://orcid.org/0000-0002-4185-2344,,"Marousi, Nomarchía Athínas, Greece"
134,165,https://ieeexplore.ieee.org/author/37284799900,Alexandros Potamianos,https://orcid.org/0009-0007-1532-5288,,"National Technical University of Athens, Τοσίτσα, Athens, Greece"
135,167,https://ieeexplore.ieee.org/author/37088799343,Kun Wei,https://orcid.org/0000-0002-1480-9009,," Speech and Language Processing Group  School of Computer Science, Northwestern Polytechnical University, Xi'an, China"
136,168,https://ieeexplore.ieee.org/author/359684397152410,Bei Li,https://orcid.org/0000-0001-7617-9041,,"110819 China, Liaoning, Shenyang City, Nanhu Subdistrict, 汉卿北路 11号, Northeastern University (China)"
137,169,https://ieeexplore.ieee.org/author/37085498409,Hang Lv,https://orcid.org/0000-0003-3761-1684,," Speech and Language Processing Group  School of Computer Science, Northwestern Polytechnical University, Xi'an, China"
138,170,https://ieeexplore.ieee.org/author/37089957497,Quan Lu,,,"213300 China, Jiangsu, Liyang City, 濑阳村, Zengjia Road, Chongqing Soonbest Aluminum (Jiangsu) Co., Ltd."
139,171,https://ieeexplore.ieee.org/author/37089736404,Ning Jiang,https://orcid.org/0000-0003-4549-6372,,"213300 China, Jiangsu, Liyang City, 濑阳村, Zengjia Road, Chongqing Soonbest Aluminum (Jiangsu) Co., Ltd."
140,173,https://ieeexplore.ieee.org/author/37089469233,Ziqiang Zhang,https://orcid.org/0000-0003-0110-1543,,"Beijing, Beijing Shi, China;230026 China, Anhui, Baohe District, Changqing Subdistrict, Shuiyangjiang Road, University of Science and Technology of China (South Campus)"
141,174,https://ieeexplore.ieee.org/author/37088934991,Sanyuan Chen,https://orcid.org/0000-0002-3082-6052,,"Beijing, Beijing Shi, China;150000 China, Heilongjiang, Harbin, Tongda, 汉广街, Harbin Institute of Technology"
142,175,https://ieeexplore.ieee.org/author/37089469873,Long Zhou,https://orcid.org/0009-0006-1919-4943,,"Beijing, Beijing Shi, China"
143,176,https://ieeexplore.ieee.org/author/37088934433,Yu Wu,https://orcid.org/0000-0002-5715-3011,,"Beijing, Beijing Shi, China"
144,177,https://ieeexplore.ieee.org/author/37089470404,Shuo Ren,,,"Beijing, Beijing Shi, China"
145,178,https://ieeexplore.ieee.org/author/37088932194,Shujie Liu,,,"Beijing, Beijing Shi, China"
146,179,https://ieeexplore.ieee.org/author/37088814942,Zhuoyuan Yao,,,"Beijing, Beijing Shi, China"
147,180,https://ieeexplore.ieee.org/author/434938233709870,Xun Gong,,,"Beijing, Beijing Shi, China"
148,181,https://ieeexplore.ieee.org/author/37273869000,Lirong Dai,https://orcid.org/0000-0002-0859-2827,,"230026 China, Anhui, Baohe District, Changqing Subdistrict, Shuiyangjiang Road, University of Science and Technology of China (South Campus)"
149,182,https://ieeexplore.ieee.org/author/37279856000,Jinyu Li,https://orcid.org/0000-0002-1089-9748,,"Redmond, Washington, United States of America"
150,183,https://ieeexplore.ieee.org/author/37085490145,Furu Wei,,,China
151,185,https://ieeexplore.ieee.org/author/37089467456,Seung Bin Kim,https://orcid.org/0000-0002-2287-9111,,"South Korea, Seoul, Anam-dong, Anam-ro 145, Korea University Seoul Campus, 02841"
152,186,https://ieeexplore.ieee.org/author/37089776307,Sang Hoon Lee,https://orcid.org/0000-0002-8925-4474,,"South Korea, Gyeonggi, Suwon-si, Yeongtong-gu, World cup-ro 206, Ajou University, 16499;South Korea, Gyeonggi, Suwon-si, Yeongtong-gu, World cup-ro 206, Ajou University, 16499"
153,187,https://ieeexplore.ieee.org/author/974363339170890,Ha Yeong Choi,https://orcid.org/0000-0003-2390-7628,,"South Korea, Seoul, Anam-dong, Anam-ro 145, Korea University Seoul Campus, 02841"
154,188,https://ieeexplore.ieee.org/author/37281134700,Seong Whan Lee,https://orcid.org/0000-0002-6249-4996,,"South Korea, Seoul, Anam-dong, Anam-ro 145, Korea University Seoul Campus, 02841"
155,190,https://ieeexplore.ieee.org/author/37088487631,Takaaki Saeki,https://orcid.org/0000-0001-6003-768X,,"The University of Tokyo Kashiwa Campus, Todai Higashi Uradori, 中十余二, Kashiwa, Chiba Prefecture 277-8583, Japan;Google, West Bluff Creek Drive, Los Angeles, CA 90096, United States of America"
156,191,https://ieeexplore.ieee.org/author/37086861486,Soumi Maiti,https://orcid.org/0000-0001-6940-0115,,"Carnegie Mellon University, Frew Street, Pittsburgh, PA 15213, United States of America"
157,192,https://ieeexplore.ieee.org/author/37086639245,Xinjian Li,https://orcid.org/0000-0003-4585-159X,,"Carnegie Mellon University, Devonshire Street, Pittsburgh, PA 15213, United States of America"
158,193,https://ieeexplore.ieee.org/author/37280302500,Shinji Watanabe,https://orcid.org/0000-0002-5970-8631,,"Carnegie Mellon University, Devonshire Street, Pittsburgh, PA 15213, United States of America"
159,194,https://ieeexplore.ieee.org/author/37085428452,Shinnosuke Takamichi,https://orcid.org/0000-0003-0520-7847,,"The University of Tokyo Kashiwa Campus, Todai Higashi Uradori, 中十余二, Kashiwa, Chiba Prefecture 277-8583, Japan"
160,195,https://ieeexplore.ieee.org/author/37284587900,Hiroshi Saruwatari,https://orcid.org/0000-0003-0876-5617,,"The University of Tokyo Kashiwa Campus, Todai Higashi Uradori, 中十余二, Kashiwa, Chiba Prefecture 277-8583, Japan"
161,197,https://ieeexplore.ieee.org/author/37089284259,Qijie Shao,https://orcid.org/0009-0000-2145-4077,," Speech and Language Processing Group (ASLP)  School of Computer Science, Northwestern Polytechnical University, Xi'an, China"
162,198,https://ieeexplore.ieee.org/author/37086861353,Pengcheng Guo,https://orcid.org/0009-0001-2388-5935,," Speech and Language Processing Group (ASLP)  School of Computer Science, Northwestern Polytechnical University, Xi'an, China"
163,199,https://ieeexplore.ieee.org/author/37089644168,Jinghao Yan,https://orcid.org/0009-0008-6845-9201,,"Beijing, Beijing Shi, China"
164,200,https://ieeexplore.ieee.org/author/37089468132,Pengfei Hu,https://orcid.org/0009-0000-4537-6288,,"Beijing, Beijing Shi, China"
165,202,https://ieeexplore.ieee.org/author/37089227550,Ryo Fukuda,https://orcid.org/0009-0005-6213-3241,,"Nara Institute of Science and Technology, 生駒市道7号線, Kitayamato 4-chome, Ikoma, Nara Prefecture 630-0121, Japan"
166,203,https://ieeexplore.ieee.org/author/37087318789,Katsuhito Sudoh,https://orcid.org/0000-0002-2122-9846,,"Nara Institute of Science and Technology, 生駒市道7号線, Kitayamato 4-chome, Ikoma, Nara Prefecture 630-0121, Japan"
167,204,https://ieeexplore.ieee.org/author/37273963200,Satoshi Nakamura,https://orcid.org/0000-0001-6956-3803,,"Nara Institute of Science and Technology, 生駒市道7号線, Kitayamato 4-chome, Ikoma, Nara Prefecture 630-0121, Japan"
168,206,https://ieeexplore.ieee.org/author/37085997703,Rui Liu,https://orcid.org/0000-0003-4524-7413,,"010070 China, Inner Mongolia, Yuquan District, Zhaojunlu, 锡林郭勒南路, Inner Mongolia University"
169,207,https://ieeexplore.ieee.org/author/37089625798,Yifan Hu,https://orcid.org/0009-0008-2276-1456,,"010070 China, Inner Mongolia, Yuquan District, Zhaojunlu, 锡林郭勒南路, Inner Mongolia University"
170,208,https://ieeexplore.ieee.org/author/37090057761,Haolin Zuo,https://orcid.org/0009-0000-1412-2883,,"010070 China, Inner Mongolia, Yuquan District, Zhaojunlu, 锡林郭勒南路, Inner Mongolia University"
171,209,https://ieeexplore.ieee.org/author/37085689925,Zhaojie Luo,https://orcid.org/0000-0003-3174-6588,,"210008 China, Jiangsu, Xuanwu District, 新街口街道, East Beijing Road, Southeast University (Sipailou Campus)"
172,210,https://ieeexplore.ieee.org/author/37600206200,Longbiao Wang,https://orcid.org/0000-0002-4005-5036,,"Tianjin Shi, China"
173,211,https://ieeexplore.ieee.org/author/37535450500,Guanglai Gao,https://orcid.org/0009-0005-5513-1192,,"010070 China, Inner Mongolia, Yuquan District, Zhaojunlu, 锡林郭勒南路, Inner Mongolia University"
174,213,https://ieeexplore.ieee.org/author/37089469553,Yuchen Hu,https://orcid.org/0000-0002-0696-6434,,"Nanyang Technological University, 50 Nanyang Avenue, Singapore 639798, Singapore"
175,214,https://ieeexplore.ieee.org/author/37089282807,Chen Chen,https://orcid.org/0000-0003-4181-9285,,Singapore
176,215,https://ieeexplore.ieee.org/author/37089469340,Qiushi Zhu,https://orcid.org/0000-0002-1196-7781,,"230026 China, Anhui, Baohe District, Wuhulu Subdistrict, Jinzhai Road 96, University of Science and Technology of China (East Campus)"
177,216,https://ieeexplore.ieee.org/author/37584925600,Eng Siong Chng,https://orcid.org/0000-0001-6257-7399,,Singapore
178,218,https://ieeexplore.ieee.org/author/983924064253217,Zilu Guo,https://orcid.org/0009-0000-0486-6088,,"230026 China, Anhui, Baohe District, Changqing Subdistrict, Shuiyangjiang Road, University of Science and Technology of China (South Campus)"
179,219,https://ieeexplore.ieee.org/author/37090051105,Jia Pan,,,"Hefei, Anhui Sheng, China"
180,220,https://ieeexplore.ieee.org/author/37420537200,Qing Feng Liu,,,"230026 China, Anhui, Baohe District, Changqing Subdistrict, Shuiyangjiang Road, University of Science and Technology of China (South Campus)"
181,222,https://ieeexplore.ieee.org/author/37088822094,Xuenan Xu,https://orcid.org/0000-0001-8718-1278,," MoE Key Lab of Artificial Intelligence X-LANCE Lab  Shanghai Jiao Tong University, Shanghai, China"
182,223,https://ieeexplore.ieee.org/author/37088935573,Zeyu Xie,https://orcid.org/0009-0001-9546-3301,," MoE Key Lab of Artificial Intelligence X-LANCE Lab  Shanghai Jiao Tong University, Shanghai, China"
183,224,https://ieeexplore.ieee.org/author/37086866287,Mengyue Wu,https://orcid.org/0000-0002-5599-8707,,"200030 China, Shanghai, Xuhui District, Xujiahui, Gongcheng Road, Shanghai Jiao Tong University (Xuhui Campus)"
184,225,https://ieeexplore.ieee.org/author/38580940700,Kai Yu,https://orcid.org/0000-0002-7102-9826,," X-LANCE Lab  SJTU AI Institute Shanghai Jiao Tong University, Shanghai, China"
185,227,https://ieeexplore.ieee.org/author/37088503517,Zewen Chi,https://orcid.org/0000-0003-1615-1885,,"100872 China, Beijing, Haidian District, Zhongguancun, South Zhongguancun Street 5, Beijing Institute of Technology (BIT)"
186,228,https://ieeexplore.ieee.org/author/37672042000,Heyan Huang,https://orcid.org/0000-0002-0320-7520,,"100872 China, Beijing, Haidian District, Zhongguancun, South Zhongguancun Street 5, Beijing Institute of Technology (BIT)"
187,229,https://ieeexplore.ieee.org/author/37089423802,Luyang Liu,,,"150000 China, Heilongjiang, Harbin, Tongda, 汉广街, Harbin Institute of Technology"
188,230,https://ieeexplore.ieee.org/author/37085389116,Yu Bai,,,"100872 China, Beijing, Haidian District, Zhongguancun, South Zhongguancun Street 5, Beijing Institute of Technology (BIT)"
189,231,https://ieeexplore.ieee.org/author/968979386191477,Xiaoyan Gao,,,"100872 China, Beijing, Haidian District, Zhongguancun, South Zhongguancun Street 5, Beijing Institute of Technology (BIT)"
190,232,https://ieeexplore.ieee.org/author/37085359729,Xian Ling Mao,https://orcid.org/0000-0001-6795-2311,,"100872 China, Beijing, Haidian District, Zhongguancun, South Zhongguancun Street 5, Beijing Institute of Technology (BIT)"
191,234,https://ieeexplore.ieee.org/author/37089755609,Zengrui Jin,https://orcid.org/0000-0002-2637-7880,,"China, Hong Kong, Sha Tin District, Ma Liu Shui, Chak Cheung Street, The Chinese University of Hong Kong"
192,235,https://ieeexplore.ieee.org/author/37088851068,Mengzhe Geng,https://orcid.org/0000-0002-7886-439X,,"China, Hong Kong, Sha Tin District, Ma Liu Shui, Chak Cheung Street, The Chinese University of Hong Kong"
193,236,https://ieeexplore.ieee.org/author/37089776548,Jiajun Deng,https://orcid.org/0000-0001-8874-4167,,Australia
194,237,https://ieeexplore.ieee.org/author/37089283062,Tianzi Wang,https://orcid.org/0009-0005-5823-3039,,"China, Hong Kong, Sha Tin District, Ma Liu Shui, University Avenue, The Chinese University of Hong Kong"
195,238,https://ieeexplore.ieee.org/author/37089468820,Shujie Hu,https://orcid.org/0000-0002-8475-4912,,"China, Hong Kong, Sha Tin District, Ma Liu Shui, Chak Cheung Street, The Chinese University of Hong Kong"
196,239,https://ieeexplore.ieee.org/author/37089468265,Guinan Li,https://orcid.org/0000-0002-2206-0237,,"China, Hong Kong, Sha Tin District, Ma Liu Shui, Chak Cheung Street, The Chinese University of Hong Kong"
197,240,https://ieeexplore.ieee.org/author/37067675800,Xunying Liu,https://orcid.org/0000-0001-6725-1160,,"China, Hong Kong, Sha Tin District, Ma Liu Shui, Chak Cheung Street, The Chinese University of Hong Kong"
198,242,https://ieeexplore.ieee.org/author/37089431187,Mathias Bach Pedersen,https://orcid.org/0000-0002-5897-054X,,"Aalborg University, Halldor Laxness Vej, 9220 Aalborg Øst, Denmark"
199,243,https://ieeexplore.ieee.org/author/37283443300,S ren Holdt Jensen,https://orcid.org/0000-0002-1050-470X,,"Hjørring, Hjørring Kommune, Denmark"
200,244,https://ieeexplore.ieee.org/author/37278529100,Zheng Hua Tan,https://orcid.org/0000-0003-1478-622X,,"Copenhagen, København, Denmark;Denmark"
201,245,https://ieeexplore.ieee.org/author/37271733000,Jesper Jensen,https://orcid.org/0000-0003-1478-622X,,"Aalborg University, Halldor Laxness Vej, 9220 Aalborg Øst, Denmark;Smorum, Egedal Kommune, Denmark"
202,248,https://ieeexplore.ieee.org/author/37088485570,Triantafyllos Kefalas,https://orcid.org/0009-0001-4414-5768,,"Imperial College London, Exhibition Road, London, SW7 2AZ, United Kingdom"
203,249,https://ieeexplore.ieee.org/author/37670940200,Yannis Panagakis,https://orcid.org/0000-0003-0153-5210,,"Marousi, Nomarchía Athínas, Greece;Athens, Nomarchía Athínas, Greece"
204,250,https://ieeexplore.ieee.org/author/37273162000,Maja Pantic,,,"Imperial College London, Exhibition Road, London, SW7 2AZ, United Kingdom"
205,252,https://ieeexplore.ieee.org/author/37090052817,Jiahong Li,https://orcid.org/0009-0002-0639-1519,," Auditory Cognition and Computational Acoustics Lab  MoE Key Laboratory of Artificial Intelligence, AI Institute, Shanghai Jiao Tong University, Shanghai, China"
206,253,https://ieeexplore.ieee.org/author/37088483386,Chenda Li,https://orcid.org/0000-0003-0299-9914,," Auditory Cognition and Computational Acoustics Lab  MoE Key Laboratory of Artificial Intelligence, AI Institute, Shanghai Jiao Tong University, Shanghai, China"
207,254,https://ieeexplore.ieee.org/author/37089471199,Yifei Wu,https://orcid.org/0009-0002-8201-6438,,"200030 China, Shanghai, Xuhui District, Xujiahui, Gongcheng Road, Shanghai Jiao Tong University (Xuhui Campus)"
208,255,https://ieeexplore.ieee.org/author/37085386346,Yanmin Qian,https://orcid.org/0000-0002-0314-3790,," Auditory Cognition and Computational Acoustics Lab  MoE Key Laboratory of Artificial Intelligence, AI Institute, Shanghai Jiao Tong University, Shanghai, China"
209,257,https://ieeexplore.ieee.org/author/37088984053,Ritujoy Biswas,https://orcid.org/0000-0003-4108-1217,,"Indian Institute of Technology Jammu, old Nargota Bypass, Nagrota Cantonment, Jammu - 181221, Jammu and Kashmir, India"
210,258,https://ieeexplore.ieee.org/author/38580945400,Karan Nathwani,https://orcid.org/0000-0003-2531-0411,,"Indian Institute of Technology Jammu, old Nargota Bypass, Nagrota Cantonment, Jammu - 181221, Jammu and Kashmir, India"
211,259,https://ieeexplore.ieee.org/author/38667324600,Vinayak Abrol,https://orcid.org/0000-0001-8149-8151,,"New Delhi, India"
212,261,https://ieeexplore.ieee.org/author/37085845983,Berrak Sisman,https://orcid.org/0000-0001-8078-3305,,"University of Texas at Dallas, Loop Road, Richardson, TX 78080, United States of America"
213,262,https://ieeexplore.ieee.org/author/37407157000,Haizhou Li,https://orcid.org/0000-0001-9158-9401,,"National University of Singapore, Singapore;Shenzhen, China"
214,264,https://ieeexplore.ieee.org/author/37086865098,Saurabhchand Bhati,https://orcid.org/0000-0001-6477-3895,,"Zebulon, North Carolina, United States of America"
215,265,https://ieeexplore.ieee.org/author/37086444221,Jes s Villalba,https://orcid.org/0000-0001-9459-8426,,"Johns Hopkins University - Homewood Campus, 3400 North Charles Street, Baltimore, MD 21218, United States of America;Johns Hopkins University - Homewood Campus, 3400 North Charles Street, Baltimore, MD 21218, United States of America"
216,266,https://ieeexplore.ieee.org/author/37085363216,Piotr elasko,https://orcid.org/0000-0002-8245-0413,,"Baltimore, Maryland, United States of America;Johns Hopkins University - Homewood Campus, 3400 North Charles Street, Baltimore, MD 21218, United States of America"
217,267,https://ieeexplore.ieee.org/author/37086496864,Laureano Moro Vel zquez,https://orcid.org/0000-0002-3033-7005,,"Johns Hopkins University - Homewood Campus, 3400 North Charles Street, Baltimore, MD 21218, United States of America"
218,268,https://ieeexplore.ieee.org/author/37541944500,Najim Dehak,https://orcid.org/0000-0002-4489-5753,,"Johns Hopkins University - Homewood Campus, 3400 North Charles Street, Baltimore, MD 21218, United States of America"
219,270,https://ieeexplore.ieee.org/author/37090076068,Haisheng Lu,https://orcid.org/0000-0003-3978-1492,,"610054 China, Sichuan, Chengdu, Mengzhuiwan, 2nd Section, N. Jianshe Rd. 4号, University of Electronic Science and Technology of China (Shahe Campus)"
220,271,https://ieeexplore.ieee.org/author/37090076490,Jiangnan Liang,https://orcid.org/0009-0009-3725-9888,,"610054 China, Sichuan, Chengdu, Mengzhuiwan, 2nd Section, N. Jianshe Rd. 4号, University of Electronic Science and Technology of China (Shahe Campus)"
221,272,https://ieeexplore.ieee.org/author/37090076563,Chuang Shi,https://orcid.org/0000-0002-1517-2775,,"Chilworth, Test Valley, Hampshire, England, United Kingdom"
